{
  "overall": {
    "trades": 265,
    "win_rate": 0.5132,
    "pnl": -5.3388,
    "return_pct": -53.3876,
    "max_drawdown_pct": 68.3137
  },
  "by_reason": {
    "trend_long": {
      "trades": 181,
      "wins": 78,
      "pnl": -4.5127,
      "win_rate": 0.430939226519337
    },
    "transition_breakout_long": {
      "trades": 19,
      "wins": 8,
      "pnl": -1.2528,
      "win_rate": 0.42105263157894735
    },
    "trend_short": {
      "trades": 65,
      "wins": 50,
      "pnl": 0.9323,
      "win_rate": 0.7692307692307693
    }
  },
  "relative_strength": {
    "AAVE-USDT-SWAP": 0.3701519292157236,
    "ADA-USDT-SWAP": -0.02199425404175348,
    "APT-USDT-SWAP": 0.002458794856973201,
    "ARB-USDT-SWAP": 0.001498680287479237,
    "ATOM-USDT-SWAP": -0.14163897231295353,
    "AVAX-USDT-SWAP": 0.053865108811050444,
    "BNB-USDT-SWAP": -0.04424721732827752,
    "CRV-USDT-SWAP": -0.17300598338022033,
    "DOGE-USDT-SWAP": -0.1035332931056393,
    "DOT-USDT-SWAP": -0.07509130758701932,
    "DYDX-USDT-SWAP": 0.19549066734131681,
    "ETH-USDT-SWAP": 0.01856505261304331,
    "FIL-USDT-SWAP": 0.05564103791703401,
    "IMX-USDT-SWAP": -0.10387659734549692,
    "INJ-USDT-SWAP": -0.07414530445630918,
    "LINK-USDT-SWAP": 0.0013170513770395242,
    "LTC-USDT-SWAP": 0.04731925860849162,
    "NEAR-USDT-SWAP": 0.006760355396719042,
    "OP-USDT-SWAP": 0.09532507478850616,
    "RENDER-USDT-SWAP": 0.023890080541711267,
    "SEI-USDT-SWAP": 0.032315199813217066,
    "SOL-USDT-SWAP": 0.24400359125704174,
    "STX-USDT-SWAP": -0.05345949143859674,
    "SUI-USDT-SWAP": 0.017321478317392502,
    "TIA-USDT-SWAP": 0.17242756486405209,
    "TRX-USDT-SWAP": 0.02311483803758918,
    "UNI-USDT-SWAP": 0.17626585451115684,
    "XRP-USDT-SWAP": -0.008013236458340955
  },
  "long_candidates": [
    "AAVE-USDT-SWAP",
    "SOL-USDT-SWAP",
    "DYDX-USDT-SWAP",
    "UNI-USDT-SWAP",
    "TIA-USDT-SWAP"
  ],
  "short_candidates": [
    "DOT-USDT-SWAP",
    "DOGE-USDT-SWAP",
    "IMX-USDT-SWAP",
    "ATOM-USDT-SWAP",
    "CRV-USDT-SWAP"
  ],
  "universe_size": 29,
  "universe": [
    "AAVE-USDT-SWAP",
    "ADA-USDT-SWAP",
    "APT-USDT-SWAP",
    "ARB-USDT-SWAP",
    "ATOM-USDT-SWAP",
    "AVAX-USDT-SWAP",
    "BNB-USDT-SWAP",
    "BTC-USDT-SWAP",
    "CRV-USDT-SWAP",
    "DOGE-USDT-SWAP",
    "DOT-USDT-SWAP",
    "DYDX-USDT-SWAP",
    "ETH-USDT-SWAP",
    "FIL-USDT-SWAP",
    "IMX-USDT-SWAP",
    "INJ-USDT-SWAP",
    "LINK-USDT-SWAP",
    "LTC-USDT-SWAP",
    "NEAR-USDT-SWAP",
    "OP-USDT-SWAP",
    "RENDER-USDT-SWAP",
    "SEI-USDT-SWAP",
    "SOL-USDT-SWAP",
    "STX-USDT-SWAP",
    "SUI-USDT-SWAP",
    "TIA-USDT-SWAP",
    "TRX-USDT-SWAP",
    "UNI-USDT-SWAP",
    "XRP-USDT-SWAP"
  ]
}